年份,學科,級分,人數,百分比,"累計
人數","累計
百分比"
110,國文,15,4064,3.22,126287,100.00
110,國文,14,10241,8.11,122223,96.78
110,國文,13,17091,13.53,111982,88.67
110,國文,12,21250,16.83,94891,75.14
110,國文,11,21015,16.64,73641,58.31
110,國文,10,18078,14.32,52626,41.67
110,國文,9,13073,10.35,34548,27.36
110,國文,8,8428,6.67,21475,17.00
110,國文,7,5248,4.16,13047,10.33
110,國文,6,3279,2.60,7799,6.18
110,國文,5,2110,1.67,4520,3.58
110,國文,4,1269,1.00,2410,1.91
110,國文,3,878,0.70,1141,0.90
110,國文,2,247,0.20,263,0.21
110,國文,1,8,0.01,16,0.01
110,國文,0,8,0.01,8,0.01
110,英文,15,4895,3.89,125995,100.00
110,英文,14,8232,6.53,121100,96.11
110,英文,13,9309,7.39,112868,89.58
110,英文,12,10199,8.09,103559,82.19
110,英文,11,10234,8.12,93360,74.10
110,英文,10,9804,7.78,83126,65.98
110,英文,9,9485,7.53,73322,58.19
110,英文,8,9116,7.24,63837,50.67
110,英文,7,9084,7.21,54721,43.43
110,英文,6,9654,7.66,45637,36.22
110,英文,5,11143,8.84,35983,28.56
110,英文,4,12489,9.91,24840,19.72
110,英文,3,10061,7.99,12351,9.80
110,英文,2,2214,1.76,2290,1.82
110,英文,1,66,0.05,76,0.06
110,英文,0,10,0.01,10,0.01
110,數學,15,1558,1.26,123786,100.00
110,數學,14,1942,1.57,122228,98.74
110,數學,13,3110,2.51,120286,97.17
110,數學,12,4225,3.41,117176,94.66
110,數學,11,5662,4.57,112951,91.25
110,數學,10,7071,5.71,107289,86.67
110,數學,9,8730,7.05,100218,80.96
110,數學,8,10626,8.58,91488,73.91
110,數學,7,12580,10.16,80862,65.32
110,數學,6,14702,11.88,68282,55.16
110,數學,5,16149,13.05,53580,43.28
110,數學,4,15354,12.40,37431,30.24
110,數學,3,12551,10.14,22077,17.83
110,數學,2,7724,6.24,9526,7.70
110,數學,1,1758,1.42,1802,1.46
110,數學,0,44,0.04,44,0.04
110,社會,15,2600,2.48,104889,100.00
110,社會,14,5442,5.19,102289,97.52
110,社會,13,11877,11.32,96847,92.33
110,社會,12,12459,11.88,84970,81.01
110,社會,11,13969,13.32,72511,69.13
110,社會,10,14089,13.43,58542,55.81
110,社會,9,13048,12.44,44453,42.38
110,社會,8,11303,10.78,31405,29.94
110,社會,7,10784,10.28,20102,19.17
110,社會,6,5485,5.23,9318,8.88
110,社會,5,2932,2.80,3833,3.65
110,社會,4,774,0.74,901,0.86
110,社會,3,105,0.10,127,0.12
110,社會,2,8,0.01,22,0.02
110,社會,1,2,0.00,14,0.01
110,社會,0,12,0.01,12,0.01
110,自然,15,4062,4.34,93639,100.00
110,自然,14,5824,6.22,89577,95.66
110,自然,13,6393,6.83,83753,89.44
110,自然,12,7209,7.70,77360,82.62
110,自然,11,7594,8.11,70151,74.92
110,自然,10,7495,8.00,62557,66.81
110,自然,9,7828,8.36,55062,58.80
110,自然,8,8765,9.36,47234,50.44
110,自然,7,9499,10.14,38469,41.08
110,自然,6,11271,12.04,28970,30.94
110,自然,5,9950,10.63,17699,18.90
110,自然,4,6072,6.48,7749,8.28
110,自然,3,1560,1.67,1677,1.79
110,自然,2,97,0.10,117,0.12
110,自然,1,10,0.01,20,0.02
110,自然,0,10,0.01,10,0.01
109,國文,15,4274,3.26,131272,100.00
109,國文,14,11069,8.43,126998,96.74
109,國文,13,19540,14.89,115929,88.31
109,國文,12,23182,17.66,96389,73.43
109,國文,11,21439,16.33,73207,55.77
109,國文,10,17564,13.38,51768,39.44
109,國文,9,11878,9.05,34204,26.06
109,國文,8,7769,5.92,22326,17.01
109,國文,7,5254,4.00,14557,11.09
109,國文,6,3627,2.76,9303,7.09
109,國文,5,2544,1.94,5676,4.32
109,國文,4,1771,1.35,3132,2.39
109,國文,3,1059,0.81,1361,1.04
109,國文,2,276,0.21,302,0.23
109,國文,1,19,0.01,26,0.02
109,國文,0,7,0.01,7,0.01
109,英文,15,6025,4.60,131054,100.00
109,英文,14,10439,7.97,125029,95.40
109,英文,13,12916,9.86,114590,87.44
109,英文,12,12129,9.25,101674,77.58
109,英文,11,11272,8.60,89545,68.33
109,英文,10,10580,8.07,78273,59.73
109,英文,9,9657,7.37,67693,51.65
109,英文,8,9164,6.99,58036,44.28
109,英文,7,8629,6.58,48872,37.29
109,英文,6,9088,6.93,40243,30.71
109,英文,5,10073,7.69,31155,23.77
109,英文,4,10314,7.87,21082,16.09
109,英文,3,9097,6.94,10768,8.22
109,英文,2,1626,1.24,1671,1.28
109,英文,1,41,0.03,45,0.03
109,英文,0,4,0.00,4,0.00
109,數學,15,14489,11.22,129087,100.00
109,數學,14,11334,8.78,114598,88.78
109,數學,13,8828,6.84,103264,80.00
109,數學,12,8891,6.89,94436,73.16
109,數學,11,9098,7.05,85545,66.27
109,數學,10,8050,6.24,76447,59.22
109,數學,9,9400,7.28,68397,52.99
109,數學,8,9173,7.11,58997,45.70
109,數學,7,7804,6.05,49824,38.60
109,數學,6,9107,7.05,42020,32.55
109,數學,5,9116,7.06,32913,25.50
109,數學,4,8330,6.45,23797,18.43
109,數學,3,8928,6.92,15467,11.98
109,數學,2,5336,4.13,6539,5.07
109,數學,1,1147,0.89,1203,0.93
109,數學,0,56,0.04,56,0.04
109,社會,15,4206,3.79,111101,100.00
109,社會,14,7392,6.65,106895,96.21
109,社會,13,14018,12.62,99503,89.56
109,社會,12,13762,12.39,85485,76.94
109,社會,11,14660,13.20,71723,64.56
109,社會,10,17234,15.51,57063,51.36
109,社會,9,11813,10.63,39829,35.85
109,社會,8,11628,10.47,28016,25.22
109,社會,7,7078,6.37,16388,14.75
109,社會,6,5250,4.73,9310,8.38
109,社會,5,3423,3.08,4060,3.65
109,社會,4,564,0.51,637,0.57
109,社會,3,58,0.05,73,0.07
109,社會,2,8,0.01,15,0.01
109,社會,1,7,0.01,7,0.01
109,社會,0,0,0.00,0,0.00
109,自然,15,4313,4.31,100023,100.00
109,自然,14,5505,5.50,95710,95.69
109,自然,13,6874,6.87,90205,90.18
109,自然,12,7525,7.52,83331,83.31
109,自然,11,7699,7.70,75806,75.79
109,自然,10,7794,7.79,68107,68.09
109,自然,9,7305,7.30,60313,60.30
109,自然,8,7935,7.93,53008,53.00
109,自然,7,9495,9.49,45073,45.06
109,自然,6,12038,12.04,35578,35.57
109,自然,5,12947,12.94,23540,23.53
109,自然,4,8463,8.46,10593,10.59
109,自然,3,1989,1.99,2130,2.13
109,自然,2,129,0.13,141,0.14
109,自然,1,3,0.00,12,0.01
109,自然,0,9,0.01,9,0.01
108,國文,15,4438,3.26,136189,100.00
108,國文,14,11530,8.47,131751,96.74
108,國文,13,18939,13.91,120221,88.28
108,國文,12,22431,16.47,101282,74.37
108,國文,11,21832,16.03,78851,57.90
108,國文,10,18576,13.64,57019,41.87
108,國文,9,13429,9.86,38443,28.23
108,國文,8,8982,6.60,25014,18.37
108,國文,7,6069,4.46,16032,11.77
108,國文,6,4058,2.98,9963,7.32
108,國文,5,2741,2.01,5905,4.34
108,國文,4,1658,1.22,3164,2.32
108,國文,3,1036,0.76,1506,1.11
108,國文,2,437,0.32,470,0.35
108,國文,1,26,0.02,33,0.02
108,國文,0,7,0.01,7,0.01
108,英文,15,7689,5.66,135948,100.00
108,英文,14,13395,9.85,128259,94.34
108,英文,13,13511,9.94,114864,84.49
108,英文,12,12908,9.49,101353,74.55
108,英文,11,10781,7.93,88445,65.06
108,英文,10,9806,7.21,77664,57.13
108,英文,9,8658,6.37,67858,49.91
108,英文,8,8246,6.07,59200,43.55
108,英文,7,7993,5.88,50954,37.48
108,英文,6,8727,6.42,42961,31.60
108,英文,5,9546,7.02,34234,25.18
108,英文,4,12025,8.85,24688,18.16
108,英文,3,10525,7.74,12663,9.31
108,英文,2,2082,1.53,2138,1.57
108,英文,1,47,0.03,56,0.04
108,英文,0,9,0.01,9,0.01
108,數學,15,7782,5.82,133693,100.00
108,數學,14,8846,6.62,125911,94.18
108,數學,13,8937,6.68,117065,87.56
108,數學,12,10403,7.78,108128,80.88
108,數學,11,10927,8.17,97725,73.10
108,數學,10,9332,6.98,86798,64.92
108,數學,9,11577,8.66,77466,57.94
108,數學,8,10842,8.11,65889,49.28
108,數學,7,8929,6.68,55047,41.17
108,數學,6,10210,7.64,46118,34.50
108,數學,5,10508,7.86,35908,26.86
108,數學,4,9559,7.15,25400,19.00
108,數學,3,9799,7.33,15841,11.85
108,數學,2,5095,3.81,6042,4.52
108,數學,1,906,0.68,947,0.71
108,數學,0,41,0.03,41,0.03
108,社會,15,2575,2.12,121232,100.00
108,社會,14,6157,5.08,118657,97.88
108,社會,13,15142,12.49,112500,92.80
108,社會,12,17074,14.08,97358,80.31
108,社會,11,18823,15.53,80284,66.22
108,社會,10,17769,14.66,61461,50.70
108,社會,9,14670,12.10,43692,36.04
108,社會,8,11017,9.09,29022,23.94
108,社會,7,8056,6.65,18005,14.85
108,社會,6,5669,4.68,9949,8.21
108,社會,5,3064,2.53,4280,3.53
108,社會,4,1076,0.89,1216,1.00
108,社會,3,119,0.10,140,0.12
108,社會,2,9,0.01,21,0.02
108,社會,1,3,0.00,12,0.01
108,社會,0,9,0.01,9,0.01
108,自然,15,4135,3.81,108515,100.00
108,自然,14,5623,5.18,104380,96.19
108,自然,13,6631,6.11,98757,91.01
108,自然,12,7317,6.74,92126,84.90
108,自然,11,7752,7.14,84809,78.15
108,自然,10,7892,7.27,77057,71.01
108,自然,9,8549,7.88,69165,63.74
108,自然,8,9539,8.79,60616,55.86
108,自然,7,11344,10.45,51077,47.07
108,自然,6,14026,12.93,39733,36.62
108,自然,5,14131,13.02,25707,23.69
108,自然,4,9064,8.35,11576,10.67
108,自然,3,2349,2.16,2512,2.31
108,自然,2,140,0.13,163,0.15
108,自然,1,12,0.01,23,0.02
108,自然,0,11,0.01,11,0.01
107,國文,15,3764,2.79,134677,100.00
107,國文,14,9637,7.16,130913,97.21
107,國文,13,16699,12.40,121276,90.05
107,國文,12,21590,16.03,104577,77.65
107,國文,11,22303,16.56,82987,61.62
107,國文,10,19679,14.61,60684,45.06
107,國文,9,15209,11.29,41005,30.45
107,國文,8,10377,7.71,25796,19.15
107,國文,7,6699,4.97,15419,11.45
107,國文,6,4076,3.03,8720,6.47
107,國文,5,2396,1.78,4644,3.45
107,國文,4,1263,0.94,2248,1.67
107,國文,3,798,0.59,985,0.73
107,國文,2,171,0.13,187,0.14
107,國文,1,12,0.01,16,0.01
107,國文,0,4,0.00,4,0.00
107,英文,15,7407,5.52,134277,100.00
107,英文,14,13220,9.85,126870,94.48
107,英文,13,12992,9.68,113650,84.64
107,英文,12,13365,9.95,100658,74.96
107,英文,11,11971,8.92,87293,65.01
107,英文,10,9741,7.25,75322,56.09
107,英文,9,9566,7.12,65581,48.84
107,英文,8,8886,6.62,56015,41.72
107,英文,7,7715,5.75,47129,35.10
107,英文,6,8332,6.21,39414,29.35
107,英文,5,9146,6.81,31082,23.15
107,英文,4,9556,7.12,21936,16.34
107,英文,3,10426,7.76,12380,9.22
107,英文,2,1890,1.41,1954,1.46
107,英文,1,60,0.04,64,0.05
107,英文,0,4,0.00,4,0.00
107,數學,15,3700,2.75,134495,100.00
107,數學,14,4630,3.44,130795,97.25
107,數學,13,5766,4.29,126165,93.81
107,數學,12,5919,4.40,120399,89.52
107,數學,11,7891,5.87,114480,85.12
107,數學,10,9198,6.84,106589,79.25
107,數學,9,8931,6.64,97391,72.41
107,數學,8,10317,7.67,88460,65.77
107,數學,7,10823,8.05,78143,58.10
107,數學,6,10690,7.95,67320,50.05
107,數學,5,14298,10.63,56630,42.11
107,數學,4,16533,12.29,42332,31.47
107,數學,3,14033,10.43,25799,19.18
107,數學,2,9732,7.24,11766,8.75
107,數學,1,1975,1.47,2034,1.51
107,數學,0,59,0.04,59,0.04
107,社會,15,4267,3.17,134480,100.00
107,社會,14,11161,8.30,130213,96.83
107,社會,13,13097,9.74,119052,88.53
107,社會,12,19349,14.39,105955,78.79
107,社會,11,16323,12.14,86606,64.40
107,社會,10,19509,14.51,70283,52.26
107,社會,9,13689,10.18,50774,37.76
107,社會,8,11700,8.70,37085,27.58
107,社會,7,11466,8.53,25385,18.88
107,社會,6,6833,5.08,13919,10.35
107,社會,5,5214,3.88,7086,5.27
107,社會,4,1562,1.16,1872,1.39
107,社會,3,289,0.21,310,0.23
107,社會,2,10,0.01,21,0.02
107,社會,1,4,0.00,11,0.01
107,社會,0,7,0.01,7,0.01
107,自然,15,2912,2.17,134213,100.00
107,自然,14,4594,3.42,131301,97.83
107,自然,13,6788,5.06,126707,94.41
107,自然,12,8793,6.55,119919,89.35
107,自然,11,10090,7.52,111126,82.80
107,自然,10,11626,8.66,101036,75.28
107,自然,9,13121,9.78,89410,66.62
107,自然,8,14574,10.86,76289,56.84
107,自然,7,16672,12.42,61715,45.98
107,自然,6,17764,13.24,45043,33.56
107,自然,5,15373,11.45,27279,20.33
107,自然,4,9244,6.89,11906,8.87
107,自然,3,2477,1.85,2662,1.98
107,自然,2,171,0.13,185,0.14
107,自然,1,8,0.01,14,0.01
107,自然,0,6,0.00,6,0.00
106,國文,15,3398,2.67,127137,100.00
106,國文,14,9043,7.11,123739,97.33
106,國文,13,16408,12.91,114696,90.21
106,國文,12,20134,15.84,98288,77.31
106,國文,11,20042,15.76,78154,61.47
106,國文,10,16456,12.94,58112,45.71
106,國文,9,12801,10.07,41656,32.76
106,國文,8,9511,7.48,28855,22.70
106,國文,7,6755,5.31,19344,15.22
106,國文,6,4983,3.92,12589,9.90
106,國文,5,3500,2.75,7606,5.98
106,國文,4,2254,1.77,4106,3.23
106,國文,3,1355,1.07,1852,1.46
106,國文,2,460,0.36,497,0.39
106,國文,1,32,0.03,37,0.03
106,國文,0,5,0.00,5,0.00
106,英文,15,4714,3.72,126702,100.00
106,英文,14,7069,5.58,121988,96.28
106,英文,13,9180,7.25,114919,90.70
106,英文,12,8779,6.93,105739,83.45
106,英文,11,9576,7.56,96960,76.53
106,英文,10,9134,7.21,87384,68.97
106,英文,9,9880,7.80,78250,61.76
106,英文,8,10197,8.05,68370,53.96
106,英文,7,10119,7.99,58173,45.91
106,英文,6,11942,9.43,48054,37.93
106,英文,5,11958,9.44,36112,28.50
106,英文,4,13479,10.64,24154,19.06
106,英文,3,8990,7.10,10675,8.43
106,英文,2,1628,1.28,1685,1.33
106,英文,1,54,0.04,57,0.04
106,英文,0,3,0.00,3,0.00
106,數學,15,1791,1.41,126910,100.00
106,數學,14,2533,2.00,125119,98.59
106,數學,13,3343,2.63,122586,96.59
106,數學,12,4156,3.27,119243,93.96
106,數學,11,6433,5.07,115087,90.68
106,數學,10,6669,5.25,108654,85.62
106,數學,9,7571,5.97,101985,80.36
106,數學,8,9070,7.15,94414,74.39
106,數學,7,11993,9.45,85344,67.25
106,數學,6,11371,8.96,73351,57.80
106,數學,5,12518,9.86,61980,48.84
106,數學,4,17092,13.47,49462,38.97
106,數學,3,16044,12.64,32370,25.51
106,數學,2,12235,9.64,16326,12.86
106,數學,1,4006,3.16,4091,3.22
106,數學,0,85,0.07,85,0.07
106,社會,15,5005,3.95,126853,100.00
106,社會,14,15134,11.93,121848,96.05
106,社會,13,16804,13.25,106714,84.12
106,社會,12,16951,13.36,89910,70.88
106,社會,11,19534,15.40,72959,57.51
106,社會,10,13265,10.46,53425,42.12
106,社會,9,11526,9.09,40160,31.66
106,社會,8,12127,9.56,28634,22.57
106,社會,7,7834,6.18,16507,13.01
106,社會,6,5859,4.62,8673,6.84
106,社會,5,2076,1.64,2814,2.22
106,社會,4,638,0.50,738,0.58
106,社會,3,92,0.07,100,0.08
106,社會,2,3,0.00,8,0.01
106,社會,1,2,0.00,5,0.00
106,社會,0,3,0.00,3,0.00
106,自然,15,5692,4.50,126604,100.00
106,自然,14,7628,6.03,120912,95.50
106,自然,13,9445,7.46,113284,89.48
106,自然,12,9596,7.58,103839,82.02
106,自然,11,9837,7.77,94243,74.44
106,自然,10,10172,8.03,84406,66.67
106,自然,9,11134,8.79,74234,58.63
106,自然,8,11722,9.26,63100,49.84
106,自然,7,13302,10.51,51378,40.58
106,自然,6,13881,10.96,38076,30.07
106,自然,5,13160,10.39,24195,19.11
106,自然,4,8653,6.83,11035,8.72
106,自然,3,2252,1.78,2382,1.88
106,自然,2,123,0.10,130,0.10
106,自然,1,3,0.00,7,0.01
106,自然,0,4,0.00,4,0.00
105,國文,15,2740,2.05,133761,100.00
105,國文,14,7265,5.43,131021,97.95
105,國文,13,13955,10.43,123756,92.52
105,國文,12,19881,14.86,109801,82.09
105,國文,11,22235,16.62,89920,67.22
105,國文,10,20417,15.26,67685,50.60
105,國文,9,16096,12.03,47268,35.34
105,國文,8,11323,8.47,31172,23.30
105,國文,7,7617,5.69,19849,14.84
105,國文,6,4887,3.65,12232,9.14
105,國文,5,3319,2.48,7345,5.49
105,國文,4,2186,1.63,4026,3.01
105,國文,3,1308,0.98,1840,1.38
105,國文,2,485,0.36,532,0.40
105,國文,1,45,0.03,47,0.04
105,國文,0,2,0.00,2,0.00
105,英文,15,6193,4.65,133184,100.00
105,英文,14,10843,8.14,126991,95.35
105,英文,13,11469,8.61,116148,87.21
105,英文,12,12294,9.23,104679,78.60
105,英文,11,12251,9.20,92385,69.37
105,英文,10,10752,8.07,80134,60.17
105,英文,9,11101,8.34,69382,52.09
105,英文,8,10321,7.75,58281,43.76
105,英文,7,9189,6.90,47960,36.01
105,英文,6,9982,7.49,38771,29.11
105,英文,5,9638,7.24,28789,21.62
105,英文,4,9229,6.93,19151,14.38
105,英文,3,8420,6.32,9922,7.45
105,英文,2,1457,1.09,1502,1.13
105,英文,1,44,0.03,45,0.03
105,英文,0,1,0.00,1,0.00
105,數學,15,2815,2.11,133519,100.00
105,數學,14,3157,2.36,130704,97.89
105,數學,13,5427,4.06,127547,95.53
105,數學,12,5965,4.47,122120,91.46
105,數學,11,8522,6.38,116155,87.00
105,數學,10,8655,6.48,107633,80.61
105,數學,9,11296,8.46,98978,74.13
105,數學,8,10157,7.61,87682,65.67
105,數學,7,12512,9.37,77525,58.06
105,數學,6,10479,7.85,65013,48.69
105,數學,5,12994,9.73,54534,40.84
105,數學,4,12362,9.26,41540,31.11
105,數學,3,16120,12.07,29178,21.85
105,數學,2,10161,7.61,13058,9.78
105,數學,1,2847,2.13,2897,2.17
105,數學,0,50,0.04,50,0.04
105,社會,15,4591,3.44,133477,100.00
105,社會,14,8464,6.34,128886,96.56
105,社會,13,13321,9.98,120422,90.22
105,社會,12,21309,15.96,107101,80.24
105,社會,11,18713,14.02,85792,64.27
105,社會,10,18011,13.49,67079,50.26
105,社會,9,15326,11.48,49068,36.76
105,社會,8,14697,11.01,33742,25.28
105,社會,7,8482,6.35,19045,14.27
105,社會,6,5866,4.39,10563,7.91
105,社會,5,3363,2.52,4697,3.52
105,社會,4,1236,0.93,1334,1.00
105,社會,3,84,0.06,98,0.07
105,社會,2,7,0.01,14,0.01
105,社會,1,4,0.00,7,0.01
105,社會,0,3,0.00,3,0.00
105,自然,15,5947,4.47,133073,100.00
105,自然,14,7406,5.57,127126,95.53
105,自然,13,8737,6.57,119720,89.97
105,自然,12,10055,7.56,110983,83.40
105,自然,11,10428,7.84,100928,75.84
105,自然,10,11682,8.78,90500,68.01
105,自然,9,12557,9.44,78818,59.23
105,自然,8,13490,10.14,66261,49.79
105,自然,7,14314,10.76,52771,39.66
105,自然,6,14955,11.24,38457,28.90
105,自然,5,13437,10.10,23502,17.66
105,自然,4,7781,5.85,10065,7.56
105,自然,3,2077,1.56,2284,1.72
105,自然,2,186,0.14,207,0.16
105,自然,1,15,0.01,21,0.02
105,自然,0,6,0.00,6,0.00
104,國文,15,4402,3.05,144250,100.00
104,國文,14,12882,8.93,139848,96.95
104,國文,13,23824,16.52,126966,88.02
104,國文,12,27459,19.04,103142,71.50
104,國文,11,23486,16.28,75683,52.47
104,國文,10,16778,11.63,52197,36.19
104,國文,9,11015,7.64,35419,24.55
104,國文,8,7548,5.23,24404,16.92
104,國文,7,5475,3.80,16856,11.69
104,國文,6,4185,2.90,11381,7.89
104,國文,5,3165,2.19,7196,4.99
104,國文,4,2223,1.54,4031,2.79
104,國文,3,1356,0.94,1808,1.25
104,國文,2,417,0.29,452,0.31
104,國文,1,30,0.02,35,0.02
104,國文,0,5,0.00,5,0.00
104,英文,15,6850,4.76,143883,100.00
104,英文,14,10673,7.42,137033,95.24
104,英文,13,13148,9.14,126360,87.82
104,英文,12,12699,8.83,113212,78.68
104,英文,11,13784,9.58,100513,69.86
104,英文,10,12564,8.73,86729,60.28
104,英文,9,10463,7.27,74165,51.55
104,英文,8,10089,7.01,63702,44.27
104,英文,7,9571,6.65,53613,37.26
104,英文,6,8775,6.10,44042,30.61
104,英文,5,10431,7.25,35267,24.51
104,英文,4,13243,9.20,24836,17.26
104,英文,3,9451,6.57,11593,8.06
104,英文,2,2081,1.45,2142,1.49
104,英文,1,55,0.04,61,0.04
104,英文,0,6,0.00,6,0.00
104,數學,15,2984,2.07,144061,100.00
104,數學,14,4140,2.87,141077,97.93
104,數學,13,4893,3.40,136937,95.05
104,數學,12,6682,4.64,132044,91.66
104,數學,11,7618,5.29,125362,87.02
104,數學,10,10544,7.32,117744,81.73
104,數學,9,10409,7.23,107200,74.41
104,數學,8,13671,9.49,96791,67.19
104,數學,7,12918,8.97,83120,57.70
104,數學,6,15738,10.92,70202,48.73
104,數學,5,13520,9.38,54464,37.81
104,數學,4,15059,10.45,40944,28.42
104,數學,3,11572,8.03,25885,17.97
104,數學,2,10588,7.35,14313,9.94
104,數學,1,3643,2.53,3725,2.59
104,數學,0,82,0.06,82,0.06
104,社會,15,5975,4.10,145792,100.00
104,社會,14,12659,8.68,139817,95.90
104,社會,13,24500,16.80,127158,87.22
104,社會,12,21550,14.78,102658,70.41
104,社會,11,20466,14.04,81108,55.63
104,社會,10,21170,14.52,60642,41.59
104,社會,9,13028,8.94,39472,27.07
104,社會,8,12568,8.62,26444,18.14
104,社會,7,7215,4.95,13876,9.52
104,社會,6,4233,2.90,6661,4.57
104,社會,5,2031,1.39,2428,1.67
104,社會,4,358,0.25,397,0.27
104,社會,3,37,0.03,39,0.03
104,社會,2,2,0.00,2,0.00
104,社會,1,0,0.00,0,0.00
104,社會,0,0,0.00,0,0.00
104,自然,15,7084,4.87,145520,100.00
104,自然,14,8305,5.71,138436,95.13
104,自然,13,9428,6.48,130131,89.42
104,自然,12,10720,7.37,120703,82.95
104,自然,11,11727,8.06,109983,75.58
104,自然,10,13735,9.44,98256,67.52
104,自然,9,15237,10.47,84521,58.08
104,自然,8,15883,10.91,69284,47.61
104,自然,7,15430,10.60,53401,36.70
104,自然,6,14417,9.91,37971,26.09
104,自然,5,13134,9.03,23554,16.19
104,自然,4,8165,5.61,10420,7.16
104,自然,3,2113,1.45,2255,1.55
104,自然,2,125,0.09,142,0.10
104,自然,1,15,0.01,17,0.01
104,自然,0,2,0.00,2,0.00
103,國文,15,4138,2.84,145900,100.00
103,國文,14,11470,7.86,141762,97.16
103,國文,13,19908,13.64,130292,89.30
103,國文,12,24330,16.68,110384,75.66
103,國文,11,23101,15.83,86054,58.98
103,國文,10,18494,12.68,62953,43.15
103,國文,9,13149,9.01,44459,30.47
103,國文,8,9380,6.43,31310,21.46
103,國文,7,7027,4.82,21930,15.03
103,國文,6,5304,3.64,14903,10.21
103,國文,5,4095,2.81,9599,6.58
103,國文,4,3053,2.09,5504,3.77
103,國文,3,1769,1.21,2451,1.68
103,國文,2,632,0.43,682,0.47
103,國文,1,47,0.03,50,0.03
103,國文,0,3,0.00,3,0.00
103,英文,15,7728,5.31,145575,100.00
103,英文,14,12503,8.59,137847,94.69
103,英文,13,15359,10.55,125344,86.10
103,英文,12,14845,10.20,109985,75.55
103,英文,11,12616,8.67,95140,65.35
103,英文,10,12483,8.57,82524,56.69
103,英文,9,11291,7.76,70041,48.11
103,英文,8,9688,6.65,58750,40.36
103,英文,7,9473,6.51,49062,33.70
103,英文,6,8267,5.68,39589,27.19
103,英文,5,9036,6.21,31322,21.52
103,英文,4,11581,7.96,22286,15.31
103,英文,3,8827,6.06,10705,7.35
103,英文,2,1821,1.25,1878,1.29
103,英文,1,55,0.04,57,0.04
103,英文,0,2,0.00,2,0.00
103,數學,15,6749,4.63,145817,100.00
103,數學,14,7476,5.13,139068,95.37
103,數學,13,8352,5.73,131592,90.24
103,數學,12,10289,7.06,123240,84.52
103,數學,11,11792,8.09,112951,77.46
103,數學,10,10878,7.46,101159,69.37
103,數學,9,13413,9.20,90281,61.91
103,數學,8,13014,8.92,76868,52.72
103,數學,7,10492,7.20,63854,43.79
103,數學,6,11481,7.87,53362,36.60
103,數學,5,11085,7.60,41881,28.72
103,數學,4,9413,6.46,30796,21.12
103,數學,3,11082,7.60,21383,14.66
103,數學,2,7968,5.46,10301,7.06
103,數學,1,2306,1.58,2333,1.60
103,數學,0,27,0.02,27,0.02
103,社會,15,5975,4.10,145792,100.00
103,社會,14,12659,8.68,139817,95.90
103,社會,13,24500,16.80,127158,87.22
103,社會,12,21550,14.78,102658,70.41
103,社會,11,20466,14.04,81108,55.63
103,社會,10,21170,14.52,60642,41.59
103,社會,9,13028,8.94,39472,27.07
103,社會,8,12568,8.62,26444,18.14
103,社會,7,7215,4.95,13876,9.52
103,社會,6,4233,2.90,6661,4.57
103,社會,5,2031,1.39,2428,1.67
103,社會,4,358,0.25,397,0.27
103,社會,3,37,0.03,39,0.03
103,社會,2,2,0.00,2,0.00
103,社會,1,0,0.00,0,0.00
103,社會,0,0,0.00,0,0.00
103,自然,15,7084,4.87,145520,100.00
103,自然,14,8305,5.71,138436,95.13
103,自然,13,9428,6.48,130131,89.42
103,自然,12,10720,7.37,120703,82.95
103,自然,11,11727,8.06,109983,75.58
103,自然,10,13735,9.44,98256,67.52
103,自然,9,15237,10.47,84521,58.08
103,自然,8,15883,10.91,69284,47.61
103,自然,7,15430,10.60,53401,36.70
103,自然,6,14417,9.91,37971,26.09
103,自然,5,13134,9.03,23554,16.19
103,自然,4,8165,5.61,10420,7.16
103,自然,3,2113,1.45,2255,1.55
103,自然,2,125,0.09,142,0.10
103,自然,1,15,0.01,17,0.01
103,自然,0,2,0.00,2,0.00
102,國文,15,3777,2.55,148060,100.00
102,國文,14,9920,6.70,144283,97.45
102,國文,13,19029,12.85,134363,90.75
102,國文,12,24155,16.31,115334,77.90
102,國文,11,22911,15.47,91179,61.58
102,國文,10,18733,12.65,68268,46.11
102,國文,9,14653,9.90,49535,33.46
102,國文,8,11068,7.48,34882,23.56
102,國文,7,8446,5.70,23814,16.08
102,國文,6,6120,4.13,15368,10.38
102,國文,5,4297,2.90,9248,6.25
102,國文,4,2731,1.84,4951,3.34
102,國文,3,1581,1.07,2220,1.50
102,國文,2,574,0.39,639,0.43
102,國文,1,63,0.04,65,0.04
102,國文,0,2,0.00,2,0.00
102,英文,15,7713,5.22,147750,100.00
102,英文,14,13606,9.21,140037,94.78
102,英文,13,16781,11.36,126431,85.57
102,英文,12,15194,10.28,109650,74.21
102,英文,11,12201,8.26,94456,63.93
102,英文,10,11417,7.73,82255,55.67
102,英文,9,10288,6.96,70838,47.94
102,英文,8,8864,6.00,60550,40.98
102,英文,7,9398,6.36,51686,34.98
102,英文,6,8463,5.73,42288,28.62
102,英文,5,9626,6.52,33825,22.89
102,英文,4,12001,8.12,24199,16.38
102,英文,3,10002,6.77,12198,8.26
102,英文,2,2122,1.44,2196,1.49
102,英文,1,66,0.04,74,0.05
102,英文,0,8,0.01,8,0.01
102,數學,15,2881,1.95,147985,100.00
102,數學,14,3569,2.41,145104,98.05
102,數學,13,4687,3.17,141535,95.64
102,數學,12,7641,5.16,136848,92.47
102,數學,11,8410,5.68,129207,87.31
102,數學,10,12334,8.33,120797,81.63
102,數學,9,12270,8.29,108463,73.29
102,數學,8,15857,10.72,96193,65.00
102,數學,7,13527,9.14,80336,54.29
102,數學,6,13324,9.00,66809,45.15
102,數學,5,14253,9.63,53485,36.14
102,數學,4,11716,7.92,39232,26.51
102,數學,3,14222,9.61,27516,18.59
102,數學,2,9683,6.54,13294,8.98
102,數學,1,3504,2.37,3611,2.44
102,數學,0,107,0.07,107,0.07
102,社會,15,5054,3.42,147935,100.00
102,社會,14,15181,10.26,142881,96.58
102,社會,13,18228,12.32,127700,86.32
102,社會,12,25888,17.50,109472,74.00
102,社會,11,19595,13.25,83584,56.50
102,社會,10,20216,13.67,63989,43.25
102,社會,9,12274,8.30,43773,29.59
102,社會,8,10222,6.91,31499,21.29
102,社會,7,10785,7.29,21277,14.38
102,社會,6,6174,4.17,10492,7.09
102,社會,5,3621,2.45,4318,2.92
102,社會,4,618,0.42,697,0.47
102,社會,3,71,0.05,79,0.05
102,社會,2,5,0.00,8,0.01
102,社會,1,2,0.00,3,0.00
102,社會,0,1,0.00,1,0.00
102,自然,15,4566,3.09,147643,100.00
102,自然,14,6997,4.74,143077,96.91
102,自然,13,9473,6.42,136080,92.17
102,自然,12,11662,7.90,126607,85.75
102,自然,11,13521,9.16,114945,77.85
102,自然,10,14864,10.07,101424,68.70
102,自然,9,15384,10.42,86560,58.63
102,自然,8,15116,10.24,71176,48.21
102,自然,7,14927,10.11,56060,37.97
102,自然,6,14741,9.98,41133,27.86
102,自然,5,14790,10.02,26392,17.88
102,自然,4,9099,6.16,11602,7.86
102,自然,3,2259,1.53,2503,1.70
102,自然,2,221,0.15,244,0.17
102,自然,1,17,0.01,23,0.02
102,自然,0,6,0.00,6,0.00
101,國文,15,4749,3.11,152800,100.00
101,國文,14,13749,9.00,148051,96.89
101,國文,13,23602,15.45,134302,87.89
101,國文,12,27332,17.89,110700,72.45
101,國文,11,23828,15.59,83368,54.56
101,國文,10,17822,11.66,59540,38.97
101,國文,9,12498,8.18,41718,27.30
101,國文,8,9145,5.98,29220,19.12
101,國文,7,6676,4.37,20075,13.14
101,國文,6,5199,3.40,13399,8.77
101,國文,5,3572,2.34,8200,5.37
101,國文,4,2505,1.64,4628,3.03
101,國文,3,1466,0.96,2123,1.39
101,國文,2,613,0.40,657,0.43
101,國文,1,37,0.02,44,0.03
101,國文,0,7,0.00,7,0.00
101,英文,15,8372,5.50,152340,100.00
101,英文,14,14193,9.32,143968,94.50
101,英文,13,14106,9.26,129775,85.19
101,英文,12,15187,9.97,115669,75.93
101,英文,11,14593,9.58,100482,65.96
101,英文,10,13795,9.06,85889,56.38
101,英文,9,11293,7.41,72094,47.32
101,英文,8,10740,7.05,60801,39.91
101,英文,7,9328,6.12,50061,32.86
101,英文,6,8421,5.53,40733,26.74
101,英文,5,7980,5.24,32312,21.21
101,英文,4,10708,7.03,24332,15.97
101,英文,3,11303,7.42,13624,8.94
101,英文,2,2255,1.48,2321,1.52
101,英文,1,62,0.04,66,0.04
101,英文,0,4,0.00,4,0.00
101,數學,15,5867,3.84,152640,100.00
101,數學,14,7415,4.86,146773,96.16
101,數學,13,9499,6.22,139358,91.30
101,數學,12,8383,5.49,129859,85.08
101,數學,11,10884,7.13,121476,79.58
101,數學,10,9811,6.43,110592,72.45
101,數學,9,11446,7.50,100781,66.03
101,數學,8,12125,7.94,89335,58.53
101,數學,7,10729,7.03,77210,50.58
101,數學,6,13512,8.85,66481,43.55
101,數學,5,12992,8.51,52969,34.70
101,數學,4,16120,10.56,39977,26.19
101,數學,3,12684,8.31,23857,15.63
101,數學,2,9188,6.02,11173,7.32
101,數學,1,1935,1.27,1985,1.30
101,數學,0,50,0.03,50,0.03
101,社會,15,5902,3.87,152600,100.00
101,社會,14,13466,8.82,146698,96.13
101,社會,13,22574,14.79,133232,87.31
101,社會,12,26525,17.38,110658,72.52
101,社會,11,29112,19.08,84133,55.13
101,社會,10,16513,10.82,55021,36.06
101,社會,9,12255,8.03,38508,25.23
101,社會,8,11523,7.55,26253,17.20
101,社會,7,6982,4.58,14730,9.65
101,社會,6,4620,3.03,7748,5.08
101,社會,5,2297,1.51,3128,2.05
101,社會,4,773,0.51,831,0.54
101,社會,3,51,0.03,58,0.04
101,社會,2,3,0.00,7,0.00
101,社會,1,1,0.00,4,0.00
101,社會,0,3,0.00,3,0.00
101,自然,15,7299,4.79,152294,100.00
101,自然,14,11973,7.86,144995,95.21
101,自然,13,11568,7.60,133022,87.35
101,自然,12,12316,8.09,121454,79.75
101,自然,11,12140,7.97,109138,71.66
101,自然,10,13605,8.93,96998,63.69
101,自然,9,13810,9.07,83393,54.76
101,自然,8,14786,9.71,69583,45.69
101,自然,7,13696,8.99,54797,35.98
101,自然,6,14230,9.34,41101,26.99
101,自然,5,13494,8.86,26871,17.64
101,自然,4,10181,6.69,13377,8.78
101,自然,3,2922,1.92,3196,2.10
101,自然,2,258,0.17,274,0.18
101,自然,1,11,0.01,16,0.01
101,自然,0,5,0.00,5,0.00
100,國文,15,3897,2.70,144309,100.00
100,國文,14,10521,7.29,140412,97.30
100,國文,13,20224,14.01,129891,90.01
100,國文,12,25972,18.00,109667,75.99
100,國文,11,24647,17.08,83695,58.00
100,國文,10,19543,13.54,59048,40.92
100,國文,9,13631,9.45,39505,27.38
100,國文,8,9287,6.44,25874,17.93
100,國文,7,6647,4.61,16587,11.49
100,國文,6,4445,3.08,9940,6.89
100,國文,5,2854,1.98,5495,3.81
100,國文,4,1704,1.18,2641,1.83
100,國文,3,773,0.54,937,0.65
100,國文,2,149,0.10,164,0.11
100,國文,1,10,0.01,15,0.01
100,國文,0,5,0.00,5,0.00
100,英文,15,8420,5.85,143852,100.00
100,英文,14,15188,10.56,135432,94.15
100,英文,13,15806,10.99,120244,83.59
100,英文,12,14689,10.21,104438,72.60
100,英文,11,12183,8.47,89749,62.39
100,英文,10,11808,8.21,77566,53.92
100,英文,9,10754,7.48,65758,45.71
100,英文,8,9051,6.29,55004,38.24
100,英文,7,8962,6.23,45953,31.94
100,英文,6,8534,5.93,36991,25.71
100,英文,5,8309,5.78,28457,19.78
100,英文,4,8770,6.10,20148,14.01
100,英文,3,9432,6.56,11378,7.91
100,英文,2,1895,1.32,1946,1.35
100,英文,1,46,0.03,51,0.04
100,英文,0,5,0.00,5,0.00
100,數學,15,5869,4.07,144196,100.00
100,數學,14,6788,4.71,138327,95.93
100,數學,13,6686,4.64,131539,91.22
100,數學,12,8597,5.96,124853,86.59
100,數學,11,9637,6.68,116256,80.62
100,數學,10,9013,6.25,106619,73.94
100,數學,9,11472,7.96,97606,67.69
100,數學,8,11957,8.29,86134,59.73
100,數學,7,10296,7.14,74177,51.44
100,數學,6,12458,8.64,63881,44.30
100,數學,5,13091,9.08,51423,35.66
100,數學,4,12107,8.40,38332,26.58
100,數學,3,14160,9.82,26225,18.19
100,數學,2,9725,6.74,12065,8.37
100,數學,1,2303,1.60,2340,1.62
100,數學,0,37,0.03,37,0.03
100,社會,15,3498,2.43,144129,100.00
100,社會,14,7199,4.99,140631,97.57
100,社會,13,13141,9.12,133432,92.58
100,社會,12,18138,12.58,120291,83.46
100,社會,11,20696,14.36,102153,70.88
100,社會,10,20819,14.44,81457,56.52
100,社會,9,18326,12.71,60638,42.07
100,社會,8,15244,10.58,42312,29.36
100,社會,7,12483,8.66,27068,18.78
100,社會,6,9211,6.39,14585,10.12
100,社會,5,4307,2.99,5374,3.73
100,社會,4,981,0.68,1067,0.74
100,社會,3,80,0.06,86,0.06
100,社會,2,3,0.00,6,0.00
100,社會,1,0,0.00,3,0.00
100,社會,0,3,0.00,3,0.00
100,自然,15,7589,5.28,143785,100.00
100,自然,14,9522,6.62,136196,94.72
100,自然,13,10863,7.56,126674,88.10
100,自然,12,12036,8.37,115811,80.54
100,自然,11,13585,9.45,103775,72.17
100,自然,10,15046,10.46,90190,62.73
100,自然,9,16190,11.26,75144,52.26
100,自然,8,16134,11.22,58954,41.00
100,自然,7,14847,10.33,42820,29.78
100,自然,6,12465,8.67,27973,19.45
100,自然,5,9481,6.59,15508,10.79
100,自然,4,4897,3.41,6027,4.19
100,自然,3,1052,0.73,1130,0.79
100,自然,2,70,0.05,78,0.05
100,自然,1,3,0.00,8,0.01
100,自然,0,5,0.00,5,0.00
99,國文,15,4009,2.86,140385,100.00
99,國文,14,8964,6.39,136376,97.14
99,國文,13,17524,12.48,127412,90.76
99,國文,12,22379,15.94,109888,78.28
99,國文,11,20432,14.55,87509,62.34
99,國文,10,18872,13.44,67077,47.78
99,國文,9,14263,10.16,48205,34.34
99,國文,8,10290,7.33,33942,24.18
99,國文,7,7095,5.05,23652,16.85
99,國文,6,5943,4.23,16557,11.79
99,國文,5,4785,3.41,10614,7.56
99,國文,4,3130,2.23,5829,4.15
99,國文,3,1981,1.41,2699,1.92
99,國文,2,641,0.46,718,0.51
99,國文,1,72,0.05,77,0.05
99,國文,0,5,0.00,5,0.00
99,英文,15,4667,3.33,140054,100.00
99,英文,14,7852,5.61,135387,96.67
99,英文,13,10959,7.82,127535,91.06
99,英文,12,10993,7.85,116576,83.24
99,英文,11,11300,8.07,105583,75.39
99,英文,10,12443,8.88,94283,67.32
99,英文,9,11281,8.05,81840,58.43
99,英文,8,11731,8.38,70559,50.38
99,英文,7,10625,7.59,58828,42.00
99,英文,6,10418,7.44,48203,34.42
99,英文,5,11991,8.56,37785,26.98
99,英文,4,12996,9.28,25794,18.42
99,英文,3,10618,7.58,12798,9.14
99,英文,2,2109,1.51,2180,1.56
99,英文,1,64,0.05,71,0.05
99,英文,0,7,0.00,7,0.00
99,數學,15,2059,1.47,140295,100.00
99,數學,14,2918,2.08,138236,98.53
99,數學,13,2652,1.89,135318,96.45
99,數學,12,4734,3.37,132666,94.56
99,數學,11,3925,2.80,127932,91.19
99,數學,10,7106,5.07,124007,88.39
99,數學,9,5477,3.90,116901,83.33
99,數學,8,9568,6.82,111424,79.42
99,數學,7,7723,5.50,101856,72.60
99,數學,6,13942,9.94,94133,67.10
99,數學,5,10998,7.84,80191,57.16
99,數學,4,20419,14.55,69193,49.32
99,數學,3,15843,11.29,48774,34.77
99,數學,2,22386,15.96,32931,23.47
99,數學,1,8439,6.02,10545,7.52
99,數學,0,2106,1.50,2106,1.50
99,社會,15,4030,2.87,140232,100.00
99,社會,14,14177,10.11,136202,97.13
99,社會,13,20214,14.41,122025,87.02
99,社會,12,24023,17.13,101811,72.60
99,社會,11,22681,16.17,77788,55.47
99,社會,10,18262,13.02,55107,39.30
99,社會,9,15558,11.09,36845,26.27
99,社會,8,9143,6.52,21287,15.18
99,社會,7,6255,4.46,12144,8.66
99,社會,6,3726,2.66,5889,4.20
99,社會,5,1847,1.32,2163,1.54
99,社會,4,275,0.20,316,0.23
99,社會,3,31,0.02,41,0.03
99,社會,2,5,0.00,10,0.01
99,社會,1,4,0.00,5,0.00
99,社會,0,1,0.00,1,0.00
99,自然,15,4516,3.23,139985,100.00
99,自然,14,7156,5.11,135469,96.77
99,自然,13,9098,6.50,128313,91.66
99,自然,12,11036,7.88,119215,85.16
99,自然,11,13059,9.33,108179,77.28
99,自然,10,17260,12.33,95120,67.95
99,自然,9,17081,12.20,77860,55.62
99,自然,8,16816,12.01,60779,43.42
99,自然,7,14977,10.70,43963,31.41
99,自然,6,12583,8.99,28986,20.71
99,自然,5,9646,6.89,16403,11.72
99,自然,4,5247,3.75,6757,4.83
99,自然,3,1360,0.97,1510,1.08
99,自然,2,136,0.10,150,0.11
99,自然,1,5,0.00,14,0.01
99,自然,0,9,0.01,9,0.01
98,國文,15,4244,3.03,139858,100.00
98,國文,14,12640,9.04,135614,96.97
98,國文,13,22872,16.35,122974,87.93
98,國文,12,26429,18.90,100102,71.57
98,國文,11,22841,16.33,73673,52.68
98,國文,10,16383,11.71,50832,36.35
98,國文,9,10569,7.56,34449,24.63
98,國文,8,8042,5.75,23880,17.07
98,國文,7,5723,4.09,15838,11.32
98,國文,6,4389,3.14,10115,7.23
98,國文,5,2901,2.07,5726,4.09
98,國文,4,1685,1.20,2825,2.02
98,國文,3,794,0.57,1140,0.82
98,國文,2,300,0.21,346,0.25
98,國文,1,42,0.03,46,0.03
98,國文,0,4,0.00,4,0.00
98,英文,15,4895,3.51,139512,100.00
98,英文,14,8541,6.12,134617,96.49
98,英文,13,8890,6.37,126076,90.37
98,英文,12,10168,7.29,117186,84.00
98,英文,11,9629,6.90,107018,76.71
98,英文,10,10930,7.83,97389,69.81
98,英文,9,10481,7.51,86459,61.97
98,英文,8,11946,8.56,75978,54.46
98,英文,7,11145,7.99,64032,45.90
98,英文,6,12053,8.64,52887,37.91
98,英文,5,11274,8.08,40834,29.27
98,英文,4,14649,10.50,29560,21.19
98,英文,3,12190,8.74,14911,10.69
98,英文,2,2631,1.89,2721,1.95
98,英文,1,83,0.06,90,0.06
98,英文,0,7,0.01,7,0.01
98,數學,15,1745,1.25,139754,100.00
98,數學,14,1612,1.15,138009,98.75
98,數學,13,3722,2.66,136397,97.60
98,數學,12,3905,2.79,132675,94.93
98,數學,11,8721,6.24,128770,92.14
98,數學,10,7438,5.32,120049,85.90
98,數學,9,8732,6.25,112611,80.58
98,數學,8,14461,10.35,103879,74.33
98,數學,7,10877,7.78,89418,63.98
98,數學,6,18105,12.95,78541,56.20
98,數學,5,13325,9.53,60436,43.24
98,數學,4,14094,10.08,47111,33.71
98,數學,3,18232,13.05,33017,23.63
98,數學,2,9205,6.59,14785,10.58
98,數學,1,4487,3.21,5580,3.99
98,數學,0,1093,0.78,1093,0.78
98,社會,15,5485,3.93,139699,100.00
98,社會,14,11481,8.22,134214,96.07
98,社會,13,18383,13.16,122733,87.86
98,社會,12,22698,16.25,104350,74.70
98,社會,11,27718,19.84,81652,58.45
98,社會,10,17655,12.64,53934,38.61
98,社會,9,12503,8.95,36279,25.97
98,社會,8,11270,8.07,23776,17.02
98,社會,7,6322,4.53,12506,8.95
98,社會,6,3818,2.73,6184,4.43
98,社會,5,1734,1.24,2366,1.69
98,社會,4,586,0.42,632,0.45
98,社會,3,40,0.03,46,0.03
98,社會,2,1,0.00,6,0.00
98,社會,1,3,0.00,5,0.00
98,社會,0,2,0.00,2,0.00
98,自然,15,2888,2.07,139441,100.00
98,自然,14,5177,3.71,136553,97.93
98,自然,13,8390,6.02,131376,94.22
98,自然,12,10549,7.57,122986,88.20
98,自然,11,14976,10.74,112437,80.63
98,自然,10,19196,13.77,97461,69.89
98,自然,9,20871,14.97,78265,56.13
98,自然,8,18726,13.43,57394,41.16
98,自然,7,14844,10.65,38668,27.73
98,自然,6,11344,8.14,23824,17.09
98,自然,5,7824,5.61,12480,8.95
98,自然,4,3873,2.78,4656,3.34
98,自然,3,726,0.52,783,0.56
98,自然,2,47,0.03,57,0.04
98,自然,1,7,0.01,10,0.01
98,自然,0,3,0.00,3,0.00
97,國文,15,3627,2.46,147518,100.00
97,國文,14,9903,6.71,143891,97.54
97,國文,13,17638,11.96,133988,90.83
97,國文,12,26011,17.63,116350,78.87
97,國文,11,26521,17.98,90339,61.24
97,國文,10,20102,13.63,63818,43.26
97,國文,9,15966,10.82,43716,29.63
97,國文,8,10496,7.12,27750,18.81
97,國文,7,6478,4.39,17254,11.70
97,國文,6,4738,3.21,10776,7.30
97,國文,5,3110,2.11,6038,4.09
97,國文,4,1678,1.14,2928,1.98
97,國文,3,895,0.61,1250,0.85
97,國文,2,316,0.21,355,0.24
97,國文,1,32,0.02,39,0.03
97,國文,0,7,0.00,7,0.00
97,英文,15,8629,5.87,147085,100.00
97,英文,14,14225,9.67,138456,94.13
97,英文,13,14760,10.04,124231,84.46
97,英文,12,13573,9.23,109471,74.43
97,英文,11,11370,7.73,95898,65.20
97,英文,10,11433,7.77,84528,57.47
97,英文,9,10665,7.25,73095,49.70
97,英文,8,9332,6.34,62430,42.44
97,英文,7,9834,6.69,53098,36.10
97,英文,6,9842,6.69,43264,29.41
97,英文,5,10255,6.97,33422,22.72
97,英文,4,10822,7.36,23167,15.75
97,英文,3,10607,7.21,12345,8.39
97,英文,2,1683,1.14,1738,1.18
97,英文,1,48,0.03,55,0.04
97,英文,0,7,0.00,7,0.00
97,數學,15,2921,1.98,147457,100.00
97,數學,14,4022,2.73,144536,98.02
97,數學,13,3303,2.24,140514,95.29
97,數學,12,6322,4.29,137211,93.05
97,數學,11,5209,3.53,130889,88.76
97,數學,10,9526,6.46,125680,85.23
97,數學,9,11452,7.77,116154,78.77
97,數學,8,9043,6.13,104702,71.01
97,數學,7,15215,10.32,95659,64.87
97,數學,6,10893,7.39,80444,54.55
97,數學,5,16786,11.38,69551,47.17
97,數學,4,17257,11.70,52765,35.78
97,數學,3,12086,8.20,35508,24.08
97,數學,2,16570,11.24,23422,15.88
97,數學,1,5679,3.85,6852,4.65
97,數學,0,1173,0.80,1173,0.80
97,社會,15,2516,1.71,147415,100.00
97,社會,14,6137,4.16,144899,98.29
97,社會,13,9172,6.22,138762,94.13
97,社會,12,13489,9.15,129590,87.91
97,社會,11,23389,15.87,116101,78.76
97,社會,10,19458,13.20,92712,62.89
97,社會,9,25076,17.01,73254,49.69
97,社會,8,16463,11.17,48178,32.68
97,社會,7,17289,11.73,31715,21.51
97,社會,6,8825,5.99,14426,9.79
97,社會,5,4816,3.27,5601,3.80
97,社會,4,696,0.47,785,0.53
97,社會,3,82,0.06,89,0.06
97,社會,2,1,0.00,7,0.00
97,社會,1,0,0.00,6,0.00
97,社會,0,6,0.00,6,0.00
97,自然,15,3938,2.68,146974,100.00
97,自然,14,6390,4.35,143036,97.32
97,自然,13,9021,6.14,136646,92.97
97,自然,12,11584,7.88,127625,86.84
97,自然,11,14932,10.16,116041,78.95
97,自然,10,17880,12.17,101109,68.79
97,自然,9,19103,13.00,83229,56.63
97,自然,8,17985,12.24,64126,43.63
97,自然,7,15230,10.36,46141,31.39
97,自然,6,12289,8.36,30911,21.03
97,自然,5,10259,6.98,18622,12.67
97,自然,4,6305,4.29,8363,5.69
97,自然,3,1842,1.25,2058,1.40
97,自然,2,188,0.13,216,0.15
97,自然,1,16,0.01,28,0.02
97,自然,0,12,0.01,12,0.01
96,國文,15,3940,2.61,150797,100.00
96,國文,14,12147,8.06,146857,97.39
96,國文,13,24381,16.17,134710,89.33
96,國文,12,30193,20.02,110329,73.16
96,國文,11,24347,16.15,80136,53.14
96,國文,10,19263,12.77,55789,37.00
96,國文,9,12416,8.23,36526,24.22
96,國文,8,7639,5.07,24110,15.99
96,國文,7,5931,3.93,16471,10.92
96,國文,6,4309,2.86,10540,6.99
96,國文,5,2876,1.91,6231,4.13
96,國文,4,1784,1.18,3355,2.22
96,國文,3,1083,0.72,1571,1.04
96,國文,2,447,0.30,488,0.32
96,國文,1,39,0.03,41,0.03
96,國文,0,2,0.00,2,0.00
96,英文,15,4928,3.28,150360,100.00
96,英文,14,8956,5.96,145432,96.72
96,英文,13,10212,6.79,136476,90.77
96,英文,12,11814,7.86,126264,83.97
96,英文,11,11008,7.32,114450,76.12
96,英文,10,12320,8.19,103442,68.80
96,英文,9,11752,7.82,91122,60.60
96,英文,8,12972,8.63,79370,52.79
96,英文,7,12507,8.32,66398,44.16
96,英文,6,14039,9.34,53891,35.84
96,英文,5,12857,8.55,39852,26.50
96,英文,4,14570,9.69,26995,17.95
96,英文,3,10336,6.87,12425,8.26
96,英文,2,2036,1.35,2089,1.39
96,英文,1,48,0.03,53,0.04
96,英文,0,5,0.00,5,0.00
96,數學,15,1865,1.24,150681,100.00
96,數學,14,2919,1.94,148816,98.76
96,數學,13,2717,1.80,145897,96.83
96,數學,12,5581,3.70,143180,95.02
96,數學,11,4870,3.23,137599,91.32
96,數學,10,9751,6.47,132729,88.09
96,數學,9,8464,5.62,122978,81.61
96,數學,8,16094,10.68,114514,76.00
96,數學,7,12910,8.57,98420,65.32
96,數學,6,21771,14.45,85510,56.75
96,數學,5,14960,9.93,63739,42.30
96,數學,4,20645,13.70,48779,32.37
96,數學,3,11532,7.65,28134,18.67
96,數學,2,12351,8.20,16602,11.02
96,數學,1,3558,2.36,4251,2.82
96,數學,0,693,0.46,693,0.46
96,社會,15,3090,2.05,150670,100.00
96,社會,14,8710,5.78,147580,97.95
96,社會,13,16607,11.02,138870,92.17
96,社會,12,17238,11.44,122263,81.15
96,社會,11,26483,17.58,105025,69.71
96,社會,10,25551,16.96,78542,52.13
96,社會,9,16053,10.65,52991,35.17
96,社會,8,16161,10.73,36938,24.52
96,社會,7,11742,7.79,20777,13.79
96,社會,6,5554,3.69,9035,6.00
96,社會,5,2987,1.98,3481,2.31
96,社會,4,449,0.30,494,0.33
96,社會,3,31,0.02,45,0.03
96,社會,2,8,0.01,14,0.01
96,社會,1,1,0.00,6,0.00
96,社會,0,5,0.00,5,0.00
96,自然,15,4187,2.79,150302,100.00
96,自然,14,6046,4.02,146115,97.21
96,自然,13,8653,5.76,140069,93.19
96,自然,12,11612,7.73,131416,87.43
96,自然,11,14253,9.48,119804,79.71
96,自然,10,16852,11.21,105551,70.23
96,自然,9,18557,12.35,88699,59.01
96,自然,8,18698,12.44,70142,46.67
96,自然,7,17198,11.44,51444,34.23
96,自然,6,14454,9.62,34246,22.78
96,自然,5,11749,7.82,19792,13.17
96,自然,4,6468,4.30,8043,5.35
96,自然,3,1461,0.97,1575,1.05
96,自然,2,100,0.07,114,0.08
96,自然,1,6,0.00,14,0.01
96,自然,0,8,0.01,8,0.01
95,國文,15,3207,2.03,158226,100.00
95,國文,14,7020,4.44,155019,97.97
95,國文,13,13899,8.78,147999,93.54
95,國文,12,22783,14.40,134100,84.75
95,國文,11,24612,15.55,111317,70.35
95,國文,10,23532,14.87,86705,54.80
95,國文,9,19575,12.37,63173,39.93
95,國文,8,15899,10.05,43598,27.55
95,國文,7,10317,6.52,27699,17.51
95,國文,6,7283,4.60,17382,10.99
95,國文,5,4919,3.11,10099,6.38
95,國文,4,3258,2.06,5180,3.27
95,國文,3,1311,0.83,1922,1.21
95,國文,2,529,0.33,611,0.39
95,國文,1,80,0.05,82,0.05
95,國文,0,2,0.00,2,0.00
95,英文,15,5417,3.43,157745,100.00
95,英文,14,9353,5.93,152328,96.57
95,英文,13,10146,6.43,142975,90.64
95,英文,12,12020,7.62,132829,84.20
95,英文,11,11601,7.35,120809,76.58
95,英文,10,12893,8.17,109208,69.23
95,英文,9,12280,7.78,96315,61.06
95,英文,8,13753,8.72,84035,53.27
95,英文,7,13711,8.69,70282,44.55
95,英文,6,15057,9.55,56571,35.86
95,英文,5,13332,8.45,41514,26.32
95,英文,4,14737,9.34,28182,17.87
95,英文,3,11152,7.07,13445,8.52
95,英文,2,2225,1.41,2293,1.45
95,英文,1,61,0.04,68,0.04
95,英文,0,7,0.00,7,0.00
95,數學,15,5313,3.36,158009,100.00
95,數學,14,6926,4.38,152696,96.64
95,數學,13,4921,3.11,145770,92.25
95,數學,12,8143,5.15,140849,89.14
95,數學,11,9409,5.95,132706,83.99
95,數學,10,7212,4.56,123297,78.03
95,數學,9,12164,7.70,116085,73.47
95,數學,8,13690,8.66,103921,65.77
95,數學,7,10094,6.39,90231,57.10
95,數學,6,16485,10.43,80137,50.72
95,數學,5,17194,10.88,63652,40.28
95,數學,4,11521,7.29,46458,29.40
95,數學,3,16946,10.72,34937,22.11
95,數學,2,12080,7.65,17991,11.39
95,數學,1,4500,2.85,5911,3.74
95,數學,0,1411,0.89,1411,0.89
95,社會,15,3173,2.01,158060,100.00
95,社會,14,6345,4.01,154887,97.99
95,社會,13,12151,7.69,148542,93.98
95,社會,12,18534,11.73,136391,86.29
95,社會,11,24017,15.19,117857,74.56
95,社會,10,25258,15.98,93840,59.37
95,社會,9,17728,11.22,68582,43.39
95,社會,8,20428,12.92,50854,32.17
95,社會,7,15562,9.85,30426,19.25
95,社會,6,9995,6.32,14864,9.40
95,社會,5,4048,2.56,4869,3.08
95,社會,4,753,0.48,821,0.52
95,社會,3,59,0.04,68,0.04
95,社會,2,3,0.00,9,0.01
95,社會,1,1,0.00,6,0.00
95,社會,0,5,0.00,5,0.00
95,自然,15,3439,2.18,157561,100.00
95,自然,14,5267,3.34,154122,97.82
95,自然,13,7084,4.50,148855,94.47
95,自然,12,9171,5.82,141771,89.98
95,自然,11,11635,7.38,132600,84.16
95,自然,10,15489,9.83,120965,76.77
95,自然,9,20367,12.93,105476,66.94
95,自然,8,23852,15.14,85109,54.02
95,自然,7,23053,14.63,61257,38.88
95,自然,6,18858,11.97,38204,24.25
95,自然,5,12515,7.94,19346,12.28
95,自然,4,5519,3.50,6831,4.34
95,自然,3,1201,0.76,1312,0.83
95,自然,2,88,0.06,111,0.07
95,自然,1,12,0.01,23,0.01
95,自然,0,11,0.01,11,0.01
94,國文,15,3141,2.00,157405,100.00
94,國文,14,6776,4.30,154264,98.00
94,國文,13,13664,8.68,147488,93.70
94,國文,12,20570,13.07,133824,85.02
94,國文,11,24810,15.76,113254,71.95
94,國文,10,24424,15.52,88444,56.19
94,國文,9,21063,13.38,64020,40.67
94,國文,8,15920,10.11,42957,27.29
94,國文,7,11082,7.04,27037,17.18
94,國文,6,7365,4.68,15955,10.14
94,國文,5,4584,2.91,8590,5.46
94,國文,4,2413,1.53,4006,2.55
94,國文,3,1130,0.72,1593,1.01
94,國文,2,404,0.26,463,0.29
94,國文,1,55,0.03,59,0.04
94,國文,0,4,0.00,4,0.00
94,英文,15,4580,2.92,156887,100.00
94,英文,14,7253,4.62,152307,97.08
94,英文,13,9003,5.74,145054,92.46
94,英文,12,10696,6.82,136051,86.72
94,英文,11,10792,6.88,125355,79.90
94,英文,10,11670,7.44,114563,73.02
94,英文,9,12445,7.93,102893,65.58
94,英文,8,14217,9.06,90448,57.65
94,英文,7,14242,9.08,76231,48.59
94,英文,6,14481,9.23,61989,39.51
94,英文,5,15264,9.73,47508,30.28
94,英文,4,17518,11.17,32244,20.55
94,英文,3,12369,7.88,14726,9.39
94,英文,2,2288,1.46,2357,1.50
94,英文,1,65,0.04,69,0.04
94,英文,0,4,0.00,4,0.00
94,數學,15,3161,2.01,157138,100.00
94,數學,14,2359,1.50,153977,97.99
94,數學,13,4526,2.88,151618,96.49
94,數學,12,4176,2.66,147092,93.61
94,數學,11,8116,5.16,142916,90.95
94,數學,10,6607,4.20,134800,85.78
94,數學,9,11996,7.63,128193,81.58
94,數學,8,15343,9.76,116197,73.95
94,數學,7,12150,7.73,100854,64.18
94,數學,6,20578,13.10,88704,56.45
94,數學,5,14476,9.21,68126,43.35
94,數學,4,21183,13.48,53650,34.14
94,數學,3,12782,8.13,32467,20.66
94,數學,2,14613,9.30,19685,12.53
94,數學,1,4304,2.74,5072,3.23
94,數學,0,768,0.49,768,0.49
94,社會,15,5161,3.28,157173,100.00
94,社會,14,8020,5.10,152012,96.72
94,社會,13,18823,11.98,143992,91.61
94,社會,12,26313,16.74,125169,79.64
94,社會,11,27219,17.32,98856,62.90
94,社會,10,23299,14.82,71637,45.58
94,社會,9,17926,11.41,48338,30.75
94,社會,8,13467,8.57,30412,19.35
94,社會,7,9599,6.11,16945,10.78
94,社會,6,5226,3.32,7346,4.67
94,社會,5,1788,1.14,2120,1.35
94,社會,4,303,0.19,332,0.21
94,社會,3,23,0.01,29,0.02
94,社會,2,2,0.00,6,0.00
94,社會,1,2,0.00,4,0.00
94,社會,0,2,0.00,2,0.00
94,自然,15,4940,3.15,156687,100.00
94,自然,14,8241,5.26,151747,96.85
94,自然,13,11695,7.46,143506,91.59
94,自然,12,14408,9.20,131811,84.12
94,自然,11,17543,11.20,117403,74.93
94,自然,10,20411,13.03,99860,63.73
94,自然,9,21324,13.61,79449,50.71
94,自然,8,19580,12.50,58125,37.10
94,自然,7,16064,10.25,38545,24.60
94,自然,6,12236,7.81,22481,14.35
94,自然,5,7598,4.85,10245,6.54
94,自然,4,2334,1.49,2647,1.69
94,自然,3,298,0.19,313,0.20
94,自然,2,8,0.01,15,0.01
94,自然,1,7,0.00,7,0.00
94,自然,0,0,0.00,0,0.00
93,國文,15,3141,2.00,157405,100.00
93,國文,14,6776,4.30,154264,98.00
93,國文,13,13664,8.68,147488,93.70
93,國文,12,20570,13.07,133824,85.02
93,國文,11,24810,15.76,113254,71.95
93,國文,10,24424,15.52,88444,56.19
93,國文,9,21063,13.38,64020,40.67
93,國文,8,15920,10.11,42957,27.29
93,國文,7,11082,7.04,27037,17.18
93,國文,6,7365,4.68,15955,10.14
93,國文,5,4584,2.91,8590,5.46
93,國文,4,2413,1.53,4006,2.55
93,國文,3,1130,0.72,1593,1.01
93,國文,2,404,0.26,463,0.29
93,國文,1,55,0.03,59,0.04
93,國文,0,4,0.00,4,0.00
93,英文,15,4580,2.92,156887,100.00
93,英文,14,7253,4.62,152307,97.08
93,英文,13,9003,5.74,145054,92.46
93,英文,12,10696,6.82,136051,86.72
93,英文,11,10792,6.88,125355,79.90
93,英文,10,11670,7.44,114563,73.02
93,英文,9,12445,7.93,102893,65.58
93,英文,8,14217,9.06,90448,57.65
93,英文,7,14242,9.08,76231,48.59
93,英文,6,14481,9.23,61989,39.51
93,英文,5,15264,9.73,47508,30.28
93,英文,4,17518,11.17,32244,20.55
93,英文,3,12369,7.88,14726,9.39
93,英文,2,2288,1.46,2357,1.50
93,英文,1,65,0.04,69,0.04
93,英文,0,4,0.00,4,0.00
93,數學,15,3161,2.01,157138,100.00
93,數學,14,2359,1.50,153977,97.99
93,數學,13,4526,2.88,151618,96.49
93,數學,12,4176,2.66,147092,93.61
93,數學,11,8116,5.16,142916,90.95
93,數學,10,6607,4.20,134800,85.78
93,數學,9,11996,7.63,128193,81.58
93,數學,8,15343,9.76,116197,73.95
93,數學,7,12150,7.73,100854,64.18
93,數學,6,20578,13.10,88704,56.45
93,數學,5,14476,9.21,68126,43.35
93,數學,4,21183,13.48,53650,34.14
93,數學,3,12782,8.13,32467,20.66
93,數學,2,14613,9.30,19685,12.53
93,數學,1,4304,2.74,5072,3.23
93,數學,0,768,0.49,768,0.49
93,社會,15,5161,3.28,157173,100.00
93,社會,14,8020,5.10,152012,96.72
93,社會,13,18823,11.98,143992,91.61
93,社會,12,26313,16.74,125169,79.64
93,社會,11,27219,17.32,98856,62.90
93,社會,10,23299,14.82,71637,45.58
93,社會,9,17926,11.41,48338,30.75
93,社會,8,13467,8.57,30412,19.35
93,社會,7,9599,6.11,16945,10.78
93,社會,6,5226,3.32,7346,4.67
93,社會,5,1788,1.14,2120,1.35
93,社會,4,303,0.19,332,0.21
93,社會,3,23,0.01,29,0.02
93,社會,2,2,0.00,6,0.00
93,社會,1,2,0.00,4,0.00
93,社會,0,2,0.00,2,0.00
93,自然,15,4940,3.15,156687,100.00
93,自然,14,8241,5.26,151747,96.85
93,自然,13,11695,7.46,143506,91.59
93,自然,12,14408,9.20,131811,84.12
93,自然,11,17543,11.20,117403,74.93
93,自然,10,20411,13.03,99860,63.73
93,自然,9,21324,13.61,79449,50.71
93,自然,8,19580,12.50,58125,37.10
93,自然,7,16064,10.25,38545,24.60
93,自然,6,12236,7.81,22481,14.35
93,自然,5,7598,4.85,10245,6.54
93,自然,4,2334,1.49,2647,1.69
93,自然,3,298,0.19,313,0.20
93,自然,2,8,0.01,15,0.01
93,自然,1,7,0.00,7,0.00
93,自然,0,0,0.00,0,0.00
92,國文,15,2,161963.00,100,3818.00
92,國文,14,5,158503.00,98,6180.00
92,國文,13,10,150851.00,93,8987.00
92,國文,12,15,134223.00,83,10641.00
92,國文,11,15,109782.00,68,11938.00
92,國文,10,16,84400.00,52,12639.00
92,國文,9,12,57831.00,36,14305.00
92,國文,8,9,38127.00,24,13748.00
92,國文,7,6,22625.00,14,14209.00
92,國文,6,4,12519.00,8,15137.00
92,國文,5,2,6675.00,4,15362.00
92,國文,4,1,2877.00,2,16343.00
92,國文,3,0,1007.00,1,14396.00
92,國文,2,0,228.00,0,3756.00
92,國文,1,0,30.00,0,131.00
92,國文,0,0,11.00,0,9.00
92,英文,15,3818,2.32,161599,100.00
92,英文,14,6180,3.76,157781,97.64
92,英文,13,8987,5.46,151601,93.81
92,英文,12,10641,6.47,142614,88.25
92,英文,11,11938,7.26,131973,81.67
92,英文,10,12639,7.68,120035,74.28
92,英文,9,14305,8.69,107396,66.46
92,英文,8,13748,8.36,93091,57.61
92,英文,7,14209,8.64,79343,49.10
92,英文,6,15137,9.20,65134,40.31
92,英文,5,15362,9.34,49997,30.94
92,英文,4,16343,9.93,34635,21.43
92,英文,3,14396,8.75,18292,11.32
92,英文,2,3756,2.28,3896,2.41
92,英文,1,131,0.08,140,0.09
92,英文,0,9,0.01,9,0.01
92,數學,15,2194,1.33,161768,100.00
92,數學,14,2829,1.72,159574,98.64
92,數學,13,2457,1.49,156745,96.89
92,數學,12,4725,2.87,154288,95.38
92,數學,11,6551,3.98,149563,92.46
92,數學,10,5743,3.49,143012,88.41
92,數學,9,10428,6.34,137269,84.86
92,數學,8,8504,5.17,126841,78.41
92,數學,7,15178,9.23,118337,73.15
92,數學,6,17915,10.89,103159,63.77
92,數學,5,13711,8.33,85244,52.70
92,數學,4,23286,14.15,71533,44.22
92,數學,3,16812,10.22,48247,29.82
92,數學,2,21935,13.33,31435,19.43
92,數學,1,7598,4.62,9500,5.87
92,數學,0,1902,1.16,1902,1.18
92,社會,15,7087,4.31,161703,100.00
92,社會,14,20325,12.35,154616,95.62
92,社會,13,29864,18.15,134291,83.05
92,社會,12,30634,18.62,104427,64.58
92,社會,11,25907,15.75,73793,45.63
92,社會,10,19265,11.71,47886,29.61
92,社會,9,12997,7.90,28621,17.70
92,社會,8,8505,5.17,15624,9.66
92,社會,7,4588,2.79,7119,4.40
92,社會,6,1865,1.13,2531,1.57
92,社會,5,546,0.33,666,0.41
92,社會,4,88,0.05,120,0.07
92,社會,3,13,0.01,32,0.02
92,社會,2,4,0.00,19,0.01
92,社會,1,2,0.00,15,0.01
92,社會,0,13,0.01,13,0.01
92,自然,15,3708,2.25,161143,100.00
92,自然,14,4882,2.97,157435,97.70
92,自然,13,10714,6.51,152553,94.67
92,自然,12,16500,10.03,141839,88.02
92,自然,11,22134,13.45,125339,77.78
92,自然,10,24467,14.87,103205,64.05
92,自然,9,25913,15.75,78738,48.86
92,自然,8,21945,13.34,52825,32.78
92,自然,7,13362,8.12,30880,19.16
92,自然,6,11488,6.98,17518,10.87
92,自然,5,4949,3.01,6030,3.74
92,自然,4,975,0.59,1081,0.67
92,自然,3,86,0.05,106,0.07
92,自然,2,4,0.00,20,0.01
92,自然,1,8,0.00,16,0.01
92,自然,0,8,0.00,8,0.00
91,國文,15,3206,2.19,143468,100.00
91,國文,14,8213,5.60,140262,97.77
91,國文,13,16447,11.22,132049,92.04
91,國文,12,26069,17.78,115602,80.58
91,國文,11,25195,17.18,89533,62.41
91,國文,10,21151,14.42,64338,44.84
91,國文,9,14929,10.18,43187,30.10
91,國文,8,10657,7.27,28258,19.70
91,國文,7,6222,4.24,17601,12.27
91,國文,6,4365,2.98,11379,7.93
91,國文,5,3029,2.07,7014,4.89
91,國文,4,2304,1.57,3985,2.78
91,國文,3,1114,0.76,1681,1.17
91,國文,2,491,0.33,567,0.40
91,國文,1,70,0.05,76,0.05
91,國文,0,6,0.00,6,0.00
91,英文,15,4566,3.11,142983,100.00
91,英文,14,10239,6.98,138417,96.81
91,英文,13,12232,8.34,128178,89.65
91,英文,12,13119,8.95,115946,81.09
91,英文,11,13495,9.20,102827,71.92
91,英文,10,13158,8.97,89332,62.48
91,英文,9,12903,8.80,76174,53.27
91,英文,8,12212,8.33,63271,44.25
91,英文,7,12328,8.41,51059,35.71
91,英文,6,10454,7.13,38731,27.09
91,英文,5,9232,6.30,28277,19.78
91,英文,4,9267,6.32,19045,13.32
91,英文,3,7766,5.30,9778,6.84
91,英文,2,1936,1.32,2012,1.41
91,英文,1,69,0.05,76,0.05
91,英文,0,7,0.00,7,0.00
91,數學,15,2640,1.80,143174,100.00
91,數學,14,4386,2.99,140534,98.16
91,數學,13,4049,2.76,136148,95.09
91,數學,12,7843,5.35,132099,92.26
91,數學,11,6585,4.49,124256,86.79
91,數學,10,11452,7.81,117671,82.19
91,數學,9,13575,9.26,106219,74.19
91,數學,8,9957,6.79,92644,64.71
91,數學,7,16619,11.33,82687,57.75
91,數學,6,11322,7.72,66068,46.15
91,數學,5,16780,11.44,54746,38.24
91,數學,4,15895,10.84,37966,26.52
91,數學,3,9119,6.22,22071,15.42
91,數學,2,9049,6.17,12952,9.05
91,數學,1,3006,2.05,3903,2.73
91,數學,0,897,0.61,897,0.63
91,社會,15,12460,8.50,143149,100.00
91,社會,14,27012,18.42,130689,91.30
91,社會,13,30025,20.48,103677,72.43
91,社會,12,27324,18.63,73652,51.45
91,社會,11,14865,10.14,46328,32.36
91,社會,10,11189,7.63,31463,21.98
91,社會,9,7984,5.44,20274,14.16
91,社會,8,6679,4.55,12290,8.59
91,社會,7,3212,2.19,5611,3.92
91,社會,6,1629,1.11,2399,1.68
91,社會,5,587,0.40,770,0.54
91,社會,4,157,0.11,183,0.13
91,社會,3,11,0.01,26,0.02
91,社會,2,2,0.00,15,0.01
91,社會,1,4,0.00,13,0.01
91,社會,0,9,0.01,9,0.01
91,自然,15,3366,2.30,142246,100.00
91,自然,14,5972,4.07,138880,97.63
91,自然,13,9016,6.15,132908,93.44
91,自然,12,11711,7.99,123892,87.10
91,自然,11,14983,10.22,112181,78.86
91,自然,10,18322,12.49,97198,68.33
91,自然,9,19808,13.51,78876,55.45
91,自然,8,20736,14.14,59068,41.53
91,自然,7,17306,11.80,38332,26.95
91,自然,6,12088,8.24,21026,14.78
91,自然,5,6601,4.50,8938,6.28
91,自然,4,2028,1.38,2337,1.64
91,自然,3,277,0.19,309,0.22
91,自然,2,17,0.01,32,0.02
91,自然,1,8,0.01,15,0.01
91,自然,0,7,0.00,7,0.00